date,total_vaccinations,people_vaccinated,people_fully_vaccinated,total_boosters
2020-12-15,1500000.0,1500000.0,,
2020-12-16,1687500.0,1687500.0,,
2020-12-17,1875000.0,1875000.0,,
2020-12-18,2062500.0,2062500.0,,
2020-12-19,2250000.0,2250000.0,,
2020-12-20,2437500.0,2437500.0,,
2020-12-21,2625000.0,2625000.0,,
2020-12-22,2812500.0,2812500.0,,
2020-12-23,3000000.0,3000000.0,,
2020-12-24,3187500.0,3187500.0,,
2020-12-25,3375000.0,3375000.0,,
2020-12-26,3562500.0,3562500.0,,
2020-12-27,3750000.0,3750000.0,,
2020-12-28,3937500.0,3937500.0,,
2020-12-29,4125000.0,4125000.0,,
2020-12-30,4312500.0,4312500.0,,
2020-12-31,4500000.0,4500000.0,,
2021-01-01,5000000.0,5000000.0,,
2021-01-02,5500000.0,5500000.0,,
2021-01-03,6000000.0,6000000.0,,
2021-01-04,6500000.0,6500000.0,,
2021-01-05,7000000.0,7000000.0,,
2021-01-06,7500000.0,7500000.0,,
2021-01-07,8000000.0,8000000.0,,
2021-01-08,8500000.0,8500000.0,,
2021-01-09,9000000.0,9000000.0,,
2021-01-10,9250000.0,9250000.0,,
2021-01-11,9500000.0,9500000.0,,
2021-01-12,9750000.0,9750000.0,,
2021-01-13,10000000.0,10000000.0,,
2021-01-14,10714285.714285715,10714285.714285715,,
2021-01-15,11428571.42857143,11428571.42857143,,
2021-01-16,12142857.142857142,12142857.142857142,,
2021-01-17,12857142.857142858,12857142.857142858,,
2021-01-18,13571428.57142857,13571428.57142857,,
2021-01-19,14285714.285714285,14285714.285714285,,
2021-01-20,15000000.0,15000000.0,,
2021-01-21,16294500.0,16294500.0,,
2021-01-22,17589000.0,17589000.0,,
2021-01-23,18883500.0,18883500.0,,
2021-01-24,20178000.0,20178000.0,,
2021-01-25,21472500.0,21472500.0,,
2021-01-26,22767000.0,22767000.0,,
2021-01-27,23013600.0,23013600.0,,
2021-01-28,23260200.0,23260200.0,,
2021-01-29,23506800.0,23506800.0,,
2021-01-30,23753400.0,23753400.0,,
2021-01-31,24000000.0,24000000.0,,
2021-02-01,26412000.0,26412000.0,,
2021-02-02,28824000.0,28824000.0,,
2021-02-03,31236000.0,31236000.0,,
2021-02-04,32783333.333333332,32783333.333333332,,
2021-02-05,34330666.666666664,34330666.666666664,,
2021-02-06,35878000.0,35878000.0,,
2021-02-07,37425333.333333336,37425333.333333336,,
2021-02-08,38972666.666666664,38972666.666666664,,
2021-02-09,40520000.0,40520000.0,,
2021-02-10,41151578.94736842,41151578.94736842,,
2021-02-11,41783157.89473684,41783157.89473684,,
2021-02-12,42414736.84210526,42414736.84210526,,
2021-02-13,43046315.78947368,43046315.78947368,,
2021-02-14,43677894.7368421,43677894.7368421,,
2021-02-15,44309473.684210524,44309473.684210524,,
2021-02-16,44941052.631578945,44941052.631578945,,
2021-02-17,45572631.578947365,45572631.578947365,,
2021-02-18,46204210.526315786,46204210.526315786,,
2021-02-19,46835789.47368421,46835789.47368421,,
2021-02-20,47467368.421052635,47467368.421052635,,
2021-02-21,48098947.36842105,48098947.36842105,,
2021-02-22,48730526.315789476,48730526.315789476,,
2021-02-23,49362105.2631579,49362105.2631579,,
2021-02-24,49993684.21052632,49993684.21052632,,
2021-02-25,50625263.15789474,50625263.15789474,,
2021-02-26,51256842.10526316,51256842.10526316,,
2021-02-27,51888421.05263158,51888421.05263158,,
2021-02-28,52520000.0,52520000.0,,
2021-03-01,53410000.0,53410000.0,,
2021-03-02,54300000.0,54300000.0,,
2021-03-03,55190000.0,55190000.0,,
2021-03-04,56080000.0,56080000.0,,
2021-03-05,56970000.0,56970000.0,,
2021-03-06,57860000.0,57860000.0,,
2021-03-07,58750000.0,58750000.0,,
2021-03-08,59640000.0,59640000.0,,
2021-03-09,60530000.0,60530000.0,,
2021-03-10,61420000.0,61420000.0,,
2021-03-11,62310000.0,62310000.0,,
2021-03-12,63200000.0,63200000.0,,
2021-03-13,64090000.0,64090000.0,,
2021-03-14,64980000.0,64980000.0,,
2021-03-15,66642666.666666664,66642666.666666664,,
2021-03-16,68305333.33333333,68305333.33333333,,
2021-03-17,69968000.0,69968000.0,,
2021-03-18,71630666.66666667,71630666.66666667,,
2021-03-19,73293333.33333333,73293333.33333333,,
2021-03-20,74956000.0,74956000.0,,
2021-03-21,77709500.0,77709500.0,,
2021-03-22,80463000.0,80463000.0,,
2021-03-23,82846000.0,82846000.0,,
2021-03-24,85859700.0,85859700.0,,
2021-03-25,91346000.0,91346000.0,,
2021-03-26,97470000.0,97470000.0,,
2021-03-27,102417000.0,102417000.0,,
2021-03-28,106613000.0,106613000.0,,
2021-03-29,110962000.0,110962000.0,,
2021-03-30,114690000.0,114690000.0,,
2021-03-31,119821000.0,119821000.0,,
2021-04-01,126616000.0,126616000.0,,
2021-04-02,133801000.0,133801000.0,,
2021-04-03,136677000.0,136677000.0,,
2021-04-04,139970000.0,139970000.0,,
2021-04-05,142802000.0,142802000.0,,
2021-04-06,145392000.0,145392000.0,,
2021-04-07,149071000.0,149071000.0,,
2021-04-08,155150000.0,155150000.0,,
2021-04-09,161121000.0,161121000.0,,
2021-04-10,164471000.0,164471000.0,,
2021-04-11,167343000.0,167343000.0,,
2021-04-12,171928000.0,171928000.0,,
2021-04-13,175623000.0,175623000.0,,
2021-04-14,179216000.0,179216000.0,,
2021-04-15,183536000.0,183536000.0,,
2021-04-16,187368000.0,187368000.0,,
2021-04-17,189809000.0,189809000.0,,
2021-04-18,192127000.0,192127000.0,,
2021-04-19,195022000.0,195022000.0,,
2021-04-20,198965000.0,198965000.0,,
2021-04-21,204191000.0,204191000.0,,
2021-04-22,211223000.0,211223000.0,,
2021-04-23,216084000.0,216084000.0,,
2021-04-24,220309000.0,220309000.0,,
2021-04-25,224901000.0,224901000.0,,
2021-04-26,229489000.0,229489000.0,,
2021-04-27,235976000.0,235976000.0,,
2021-04-28,243905000.0,243905000.0,,
2021-04-29,253463000.0,253463000.0,,
2021-04-30,265064000.0,265064000.0,,
2021-05-01,270406000.0,270406000.0,,
2021-05-02,275338000.0,275338000.0,,
2021-05-03,279905000.0,279905000.0,,
2021-05-04,284595000.0,284595000.0,,
2021-05-05,289627000.0,289627000.0,,
2021-05-06,297734000.0,297734000.0,,
2021-05-07,308226000.0,308226000.0,,
2021-05-08,317586000.0,317586000.0,,
2021-05-09,324307000.0,324307000.0,,
2021-05-10,332964000.0,332964000.0,,
2021-05-11,342697000.0,342697000.0,,
2021-05-12,354272000.0,354272000.0,,
2021-05-13,366910000.0,366666486.4864865,,
2021-05-14,380633000.0,375785540.5405405,,
2021-05-15,392987000.0,384904594.5945946,,
2021-05-16,406938000.0,394023648.6486486,,
2021-05-17,421991000.0,403142702.7027027,,
2021-05-18,435689000.0,412261756.7567568,,
2021-05-19,449511000.0,421380810.8108108,,
2021-05-20,466698000.0,430499864.8648648,,
2021-05-21,483343000.0,439618918.9189189,,
2021-05-22,497272000.0,448737972.972973,,
2021-05-23,510858000.0,457857027.027027,,
2021-05-24,527253000.0,466976081.08108103,,
2021-05-25,546714000.0,476095135.1351351,,
2021-05-26,566723000.0,485214189.1891892,,
2021-05-27,584360000.0,494333243.2432432,,
2021-05-28,602991000.0,503452297.2972973,,
2021-05-29,620974000.0,512571351.3513514,,
2021-05-30,639172000.0,521690405.4054054,,
2021-05-31,661468000.0,530809459.4594594,,
2021-06-01,681908000.0,539928513.5135136,,
2021-06-02,704826000.0,549047567.5675676,,
2021-06-03,723486000.0,558166621.6216216,,
2021-06-04,744483000.0,567285675.6756756,,
2021-06-05,763065000.0,576404729.7297297,,
2021-06-06,777879000.0,585523783.7837838,,
2021-06-07,794134000.0,594642837.8378378,,
2021-06-08,808962000.0,603761891.891892,,
2021-06-09,824856000.0,612880945.945946,,
2021-06-10,845299000.0,622000000.0,,
2021-06-11,863513000.0,627850649.3506494,,
2021-06-12,878523000.0,633701298.7012987,,
2021-06-13,892770000.0,639551948.0519481,,
2021-06-14,904134000.0,645402597.4025974,,
2021-06-15,923910000.0,651253246.7532468,,
2021-06-16,945150000.0,657103896.1038961,,
2021-06-17,966652000.0,662954545.4545455,,
2021-06-18,990257000.0,668805194.8051949,,
2021-06-19,1010489000.0,674655844.1558442,,
2021-06-20,1029223000.0,680506493.5064934,,
2021-06-21,1049744000.0,686357142.8571428,,
2021-06-22,1071783000.0,692207792.2077922,,
2021-06-23,1095902000.0,698058441.5584415,,
2021-06-24,1120643000.0,703909090.9090909,,
2021-06-25,1143805000.0,709759740.2597402,,
2021-06-26,1165230000.0,715610389.6103896,,
2021-06-27,1185787000.0,721461038.961039,,
2021-06-28,1206714000.0,727311688.3116883,,
2021-06-29,1225734000.0,733162337.6623377,,
2021-06-30,1244675000.0,739012987.012987,,
2021-07-01,1264149000.0,744863636.3636364,,
2021-07-02,1283175000.0,750714285.7142857,,
2021-07-03,1296037000.0,756564935.0649351,,
2021-07-04,1305499000.0,762415584.4155844,,
2021-07-05,1318417000.0,768266233.7662338,,
2021-07-06,1331669000.0,774116883.116883,,
2021-07-07,1342381000.0,779967532.4675324,,
2021-07-08,1354226000.0,785818181.8181818,,
2021-07-09,1365463000.0,791668831.1688311,,
2021-07-10,1374162000.0,797519480.5194805,,
2021-07-11,1382482000.0,803370129.8701298,,
2021-07-12,1391432000.0,809220779.2207792,,
2021-07-13,1402019000.0,815071428.5714285,,
2021-07-14,1414609000.0,820922077.9220779,,
2021-07-15,1426347000.0,826772727.2727273,,
2021-07-16,1437623000.0,832623376.6233766,,
2021-07-17,1447427000.0,838474025.974026,,
2021-07-18,1456557000.0,844324675.3246753,,
2021-07-19,1467316000.0,850175324.6753247,,
2021-07-20,1478484000.0,856025974.025974,,
2021-07-21,1491605000.0,861876623.3766234,,
2021-07-22,1507605000.0,867727272.7272727,,
2021-07-23,1524897000.0,873577922.0779221,,
2021-07-24,1538707000.0,879428571.4285715,,
2021-07-25,1550268000.0,885279220.7792208,,
2021-07-26,1565872000.0,891129870.1298702,,
2021-07-27,1583361000.0,896980519.4805195,,
2021-07-28,1601249000.0,902831168.8311689,,
2021-07-29,1619218000.0,908681818.1818182,,
2021-07-30,1637395000.0,914532467.5324676,,
2021-07-31,1652819000.0,920383116.8831168,,
2021-08-01,1669527000.0,926233766.2337662,,
2021-08-02,1688683000.0,932084415.5844156,,
2021-08-03,1708356000.0,937935064.9350649,,
2021-08-04,1726223000.0,943785714.2857143,,
2021-08-05,1741812000.0,949636363.6363636,,
2021-08-06,1757780000.0,955487012.987013,,
2021-08-07,1770304000.0,961337662.3376623,,
2021-08-08,1782525000.0,967188311.6883117,,
2021-08-09,1795049000.0,973038961.0389609,,
2021-08-10,1808092000.0,978889610.3896103,,
2021-08-11,1820238000.0,984740259.7402596,,
2021-08-12,1832450000.0,990590909.090909,777046000.0,
2021-08-13,1844382000.0,996441558.4415584,785074071.4285715,
2021-08-14,1853839000.0,1002292207.7922077,793102142.8571428,
2021-08-15,1862928000.0,1008142857.1428571,801130214.2857143,
2021-08-16,1875371000.0,1013993506.4935064,809158285.7142857,
2021-08-17,1887273000.0,1019844155.8441558,817186357.1428572,
2021-08-18,1900127000.0,1025694805.1948051,825214428.5714285,
2021-08-19,1912419000.0,1031545454.5454545,833242500.0,
2021-08-20,1924390000.0,1037396103.8961039,841270571.4285715,
2021-08-21,1935869000.0,1043246753.2467532,849298642.8571428,
2021-08-22,1946954000.0,1049097402.5974026,857326714.2857143,
2021-08-23,1961893000.0,1054948051.9480519,865354785.7142857,
2021-08-24,1975738000.0,1060798701.2987013,873382857.1428571,
2021-08-25,1988433000.0,1066649350.6493506,881410928.5714285,
2021-08-26,2003914000.0,1072500000.0,889439000.0,
2021-08-27,2019549000.0,1074545454.5454545,896737272.7272727,
2021-08-28,2032934000.0,1076590909.090909,904035545.4545455,
2021-08-29,2044625000.0,1078636363.6363637,911333818.1818181,
2021-08-30,2055966000.0,1080681818.1818182,918632090.9090909,
2021-08-31,2067589000.0,1082727272.7272727,925930363.6363636,
2021-09-01,2076428000.0,1084772727.2727273,933228636.3636364,
2021-09-02,2084650000.0,1086818181.8181818,940526909.0909091,
2021-09-03,2092174000.0,1088863636.3636363,947825181.8181819,
2021-09-04,2100387000.0,1090909090.909091,955123454.5454545,
2021-09-05,2107445000.0,1092954545.4545455,962421727.2727273,
2021-09-06,2113083000.0,1095000000.0,969720000.0,
2021-09-07,2119025000.0,1095486833.3333333,974371555.5555556,
2021-09-08,2124582000.0,1095973666.6666667,979023111.1111112,
2021-09-09,2129833000.0,1096460500.0,983674666.6666666,
2021-09-10,2135240000.0,1096947333.3333333,988326222.2222222,
2021-09-11,2142580000.0,1097434166.6666667,992977777.7777778,
2021-09-12,2148120000.0,1097921000.0,997629333.3333334,
2021-09-13,2152520000.0,1098407833.3333333,1002280888.8888888,
2021-09-14,2156938000.0,1098894666.6666667,1006932444.4444444,
2021-09-15,2161428000.0,1099381500.0,1011584000.0,
2021-09-16,2165679000.0,1099868333.3333333,1015125000.0,
2021-09-17,2170017000.0,1100355166.6666667,1018666000.0,
2021-09-18,2174043000.0,1100842000.0,1022207000.0,
2021-09-19,2177638000.0,1102844548.387097,1024773500.0,
2021-09-20,2180986000.0,1104847096.7741935,1027340000.0,
2021-09-21,2182604000.0,1106849645.1612904,1029906500.0,
2021-09-22,2186583000.0,1108852193.548387,1032473000.0,
2021-09-23,2190792000.0,1110854741.935484,1035039500.0,
2021-09-24,2194467000.0,1112857290.3225806,1037606000.0,
2021-09-25,2197689000.0,1114859838.7096775,1040172500.0,
2021-09-26,2200202000.0,1116862387.096774,1042739000.0,
2021-09-27,2203185000.0,1118864935.483871,1045305500.0,
2021-09-28,2206054000.0,1120867483.8709676,1047872000.0,
2021-09-29,2208921000.0,1122870032.2580645,1048661960.0,
2021-09-30,2211452000.0,1124872580.6451614,1049451920.0,
2021-10-01,2212206000.0,1126875129.032258,1050241880.0,
2021-10-02,2212961000.0,1128877677.419355,1051031840.0,
2021-10-03,2213691000.0,1130880225.8064516,1051821800.0,
2021-10-04,2214564000.0,1132882774.1935484,1052611760.0,
2021-10-05,2215428000.0,1134885322.580645,1053401720.0,
2021-10-06,2216382000.0,1136887870.967742,1054191680.0,
2021-10-07,2217563000.0,1138890419.3548386,1054981640.0,
2021-10-08,2218826000.0,1140892967.7419355,1055771600.0,
2021-10-09,2220128000.0,1142895516.1290324,1056561560.0,
2021-10-10,2221245000.0,1144898064.516129,1057351520.0,
2021-10-11,2222666000.0,1146900612.903226,1058141480.0,
2021-10-12,2224081000.0,1148903161.2903225,1058931440.0,
2021-10-13,2225504000.0,1150905709.6774194,1059721400.0,
2021-10-14,2227334000.0,1152908258.064516,1060511360.0,
2021-10-15,2229212000.0,1154910806.451613,1061301320.0,
2021-10-16,2230567000.0,1156913354.8387096,1062091280.0,
2021-10-17,2232088000.0,1158915903.2258065,1062881240.0,
2021-10-18,2234096000.0,1160918451.612903,1063671200.0,
2021-10-19,2236226000.0,1162921000.0,1064461160.0,
2021-10-20,2238325000.0,1164923548.387097,1065251120.0,
2021-10-21,2240550000.0,1166926096.7741935,1066041080.0,
2021-10-22,2243018000.0,1168928645.1612904,1066831040.0,
2021-10-23,2244727000.0,1170931193.548387,1067621000.0,
2021-10-24,2246217000.0,1172933741.935484,1068081833.3333334,
2021-10-25,2248688000.0,1174936290.3225806,1068542666.6666666,
2021-10-26,2251339000.0,1176938838.7096775,1069003500.0,
2021-10-27,2254252000.0,1178941387.096774,1069464333.3333334,
2021-10-28,2257584000.0,1180943935.483871,1069925166.6666666,
2021-10-29,2262226000.0,1182946483.8709679,1070386000.0,
2021-10-30,2268362000.0,1184949032.2580645,1070681428.5714285,
2021-10-31,2274072000.0,1186951580.6451614,1070976857.1428572,
2021-11-01,2279422000.0,1188954129.032258,1071272285.7142857,
2021-11-02,2285954000.0,1190956677.419355,1071567714.2857143,
2021-11-03,2293820000.0,1192959225.8064516,1071863142.8571428,
2021-11-04,2302679000.0,1194961774.1935484,1072158571.4285715,
2021-11-05,2311626000.0,1196964322.580645,1072454000.0,37973000.0
2021-11-06,2322102000.0,1198966870.967742,1072652714.2857143,39611142.85714286
2021-11-07,2330726000.0,1200969419.3548386,1072851428.5714285,41249285.71428572
2021-11-08,2338493000.0,1202971967.7419355,1073050142.8571428,42887428.57142857
2021-11-09,2346831000.0,1204974516.1290324,1073248857.1428572,44525571.428571425
2021-11-10,2355525000.0,1206977064.516129,1073447571.4285715,46163714.28571428
2021-11-11,2364032000.0,1208979612.903226,1073646285.7142857,47801857.14285714
2021-11-12,2372713000.0,1210982161.2903225,1073845000.0,49440000.0
2021-11-13,2382133000.0,1212984709.6774194,1074196857.142857,51767142.85714286
2021-11-14,2389568000.0,1214987258.064516,1074548714.2857144,54094285.71428572
2021-11-15,2396045000.0,1216989806.451613,1074900571.4285715,56421428.571428575
2021-11-16,2402897000.0,1218992354.8387096,1075252428.5714285,58748571.42857143
2021-11-17,2409784000.0,1220994903.2258065,1075604285.7142856,61075714.28571428
2021-11-18,2416179000.0,1222997451.612903,1075956142.857143,63402857.14285714
2021-11-19,2422908000.0,1225000000.0,1076308000.0,65730000.0
2021-11-20,2430743000.0,1225896589.7435896,1079727800.0,67914428.57142857
2021-11-21,2437252000.0,1226793179.4871795,1083147600.0,70098857.14285715
2021-11-22,2442786000.0,1227689769.2307692,1086567400.0,72283285.71428572
2021-11-23,2449427000.0,1228586358.974359,1089987200.0,74467714.28571428
2021-11-24,2456617000.0,1229482948.7179487,1093407000.0,76652142.85714285
2021-11-25,2464330000.0,1230379538.4615386,1096826800.0,78836571.42857143
2021-11-26,2472847000.0,1231276128.2051282,1100246600.0,81021000.0
2021-11-27,2482895000.0,1232172717.9487178,1103666400.0,83205428.57142857
2021-11-28,2492041000.0,1233069307.6923077,1107086200.0,85389857.14285713
2021-11-29,2499813000.0,1233965897.4358974,1110506000.0,87574285.71428572
2021-11-30,2507975000.0,1234862487.1794872,1114129500.0,89758714.28571428
2021-12-01,2516380000.0,1235759076.9230769,1117753000.0,91943142.85714287
2021-12-02,2524363000.0,1236655666.6666667,1121376500.0,94127571.42857143
2021-12-03,2532799000.0,1237552256.4102564,1125000000.0,96312000.0
2021-12-04,2543424000.0,1238448846.1538463,1130355428.5714285,99778857.14285715
2021-12-05,2553028000.0,1239345435.897436,1135710857.142857,103245714.28571428
2021-12-06,2560117000.0,1240242025.6410255,1141066285.7142856,106712571.42857143
2021-12-07,2567552000.0,1241138615.3846154,1146421714.2857144,110179428.57142857
2021-12-08,2574931000.0,1242035205.128205,1151777142.857143,113646285.71428572
2021-12-09,2582740000.0,1242931794.871795,1157132571.4285715,117113142.85714287
2021-12-10,2591879000.0,1243828384.6153846,1162488000.0,120580000.0
2021-12-11,2602703000.0,1244724974.3589745,1165888142.857143,128373333.33333333
2021-12-12,2612218000.0,1245621564.102564,1169288285.7142856,136166666.66666666
2021-12-13,2621190000.0,1246518153.8461537,1172688428.5714285,143960000.0
2021-12-14,2630204000.0,1247414743.5897436,1176088571.4285715,151753333.33333334
2021-12-15,2640059000.0,1248311333.3333333,1179488714.2857144,159546666.66666666
2021-12-16,2650561000.0,1249207923.0769231,1182888857.142857,167340000.0
2021-12-17,2661838000.0,1250104512.8205128,1186289000.0,175133333.3333333
2021-12-18,2673688000.0,1251001102.5641026,1189877500.0,182926666.66666666
2021-12-19,2684290000.0,1251897692.3076923,1193466000.0,190720000.0
2021-12-20,2695181000.0,1252794282.0512822,1195115333.3333333,198513333.3333333
2021-12-21,2706676000.0,1253690871.7948718,1196764666.6666667,206306666.66666666
2021-12-22,2719459000.0,1254587461.5384614,1198414000.0,214100000.0
2021-12-23,2732749000.0,1255484051.2820513,1200063333.3333333,221893333.3333333
2021-12-24,2745877000.0,1256380641.025641,1201712666.6666667,229686666.66666666
2021-12-25,2758094000.0,1257277230.7692308,1203362000.0,237480000.0
2021-12-26,2769530000.0,1258173820.5128205,1204712333.3333333,245273333.3333333
2021-12-27,2781869000.0,1259070410.2564104,1206062666.6666667,253066666.66666666
2021-12-28,2795716000.0,1259967000.0,1207413000.0,260860000.0
2021-12-29,2810118000.0,1260196700.0,1208033777.7777777,268653333.3333333
2021-12-30,2823418000.0,1260426400.0,1208654555.5555556,276446666.6666666
2021-12-31,2835332000.0,1260656100.0,1209275333.3333333,284240000.0
2022-01-01,2841269000.0,1260885800.0,1209896111.1111112,292033333.3333333
2022-01-02,2847898000.0,1261115500.0,1210516888.8888888,299826666.6666666
2022-01-03,2855225000.0,1261345200.0,1211137666.6666667,307620000.0
2022-01-04,2863561000.0,1261574900.0,1211758444.4444444,315413333.3333333
2022-01-05,2872017000.0,1261804600.0,1212379222.2222223,323206666.6666666
2022-01-06,2879993000.0,1262034300.0,1213000000.0,331000000.0
2022-01-07,2887772000.0,1262264000.0,1215878000.0,335026343.75
2022-01-08,2894178000.0,1262467857.142857,1216550285.7142856,339052687.5
2022-01-09,2899557000.0,1262671714.2857144,1217222571.4285715,343079031.25
2022-01-10,2905638000.0,1262875571.4285715,1217894857.142857,347105375.0
2022-01-11,2912178000.0,1263079428.5714285,1218567142.857143,351131718.75
2022-01-12,2918249000.0,1263283285.7142856,1219239428.5714285,355158062.5
2022-01-13,2923698000.0,1263487142.857143,1219911714.2857144,359184406.25
2022-01-14,2928981000.0,1263691000.0,1220584000.0,363210750.0
2022-01-15,2933485000.0,1263882857.142857,1221136285.7142856,367237093.75
2022-01-16,2937632000.0,1264074714.2857144,1221688571.4285715,371263437.5
2022-01-17,2942111000.0,1264266571.4285715,1222240857.142857,375289781.25
2022-01-18,2947136000.0,1264458428.5714285,1222793142.857143,379316125.0
2022-01-19,2951846000.0,1264650285.7142856,1223345428.5714285,383342468.75
2022-01-20,2956218000.0,1264842142.857143,1223897714.2857144,387368812.5
2022-01-21,2960675000.0,1265034000.0,1224450000.0,391395156.25
2022-01-22,2964370000.0,1265182000.0,1224869571.4285715,395421500.0
2022-01-23,2968121000.0,1265330000.0,1225289142.857143,399447843.75
2022-01-24,2973459000.0,1265478000.0,1225708714.2857144,403474187.5
2022-01-25,2978646000.0,1265626000.0,1226128285.7142856,407500531.25
2022-01-26,2984055000.0,1265774000.0,1226547857.142857,411526875.0
2022-01-27,2989480000.0,1265922000.0,1226967428.5714285,415553218.75
2022-01-28,2994162000.0,1266070000.0,1227387000.0,419579562.5
2022-01-29,2997884000.0,1266105600.0,1227482300.0,423605906.25
2022-01-30,3000198000.0,1266141200.0,1227577600.0,427632250.0
2022-01-31,3000532000.0,1266176800.0,1227672900.0,431658593.75
2022-02-01,3000603000.0,1266212400.0,1227768200.0,435684937.5
2022-02-02,3000893000.0,1266248000.0,1227863500.0,439711281.25
2022-02-03,3001624000.0,1266283600.0,1227958800.0,443737625.0
2022-02-04,3002896000.0,1266319200.0,1228054100.0,447763968.75
2022-02-05,3004681000.0,1266354800.0,1228149400.0,451790312.5
2022-02-06,3006862000.0,1266390400.0,1228244700.0,455816656.25
2022-02-07,3010669000.0,1266426000.0,1228340000.0,459843000.0
2022-02-08,3016150000.0,1266585454.5454545,1228722090.909091,465114388.8888889
2022-02-09,3022646000.0,1266744909.090909,1229104181.8181818,470385777.7777778
2022-02-10,3029588000.0,1266904363.6363637,1229486272.7272727,475657166.6666667
2022-02-11,3036707000.0,1267063818.1818182,1229868363.6363637,480928555.5555556
2022-02-12,3042376000.0,1267223272.7272727,1230250454.5454545,486199944.4444444
2022-02-13,3046687000.0,1267382727.2727273,1230632545.4545455,491471333.3333333
2022-02-14,3052435000.0,1267542181.8181818,1231014636.3636363,496742722.2222222
2022-02-15,3056997000.0,1267701636.3636363,1231396727.2727273,502014111.1111111
2022-02-16,3063391000.0,1267861090.909091,1231778818.1818182,507285500.0
2022-02-17,3069619000.0,1268020545.4545455,1232160909.090909,512556888.8888889
2022-02-18,3075752000.0,1268180000.0,1232543000.0,517828277.7777778
2022-02-19,3080788000.0,1268340285.7142856,1232828285.7142856,523099666.6666667
2022-02-20,3084712000.0,1268500571.4285715,1233113571.4285715,528371055.5555556
2022-02-21,3090309000.0,1268660857.142857,1233398857.142857,533642444.4444444
2022-02-22,3095767000.0,1268821142.857143,1233684142.857143,538913833.3333334
2022-02-23,3101760000.0,1268981428.5714285,1233969428.5714285,544185222.2222222
2022-02-24,3108286000.0,1269141714.2857144,1234254714.2857144,549456611.1111112
2022-02-25,3114622000.0,1269302000.0,1234540000.0,554728000.0
2022-02-26,3119664000.0,1269492294.1176472,1234812411.764706,559225600.0
2022-02-27,3124118000.0,1269682588.235294,1235084823.5294118,563723200.0
2022-02-28,3129845000.0,1269872882.3529413,1235357235.2941177,568220800.0
2022-03-01,3135598000.0,1270063176.4705882,1235629647.0588236,572718400.0
2022-03-02,3141473000.0,1270253470.5882354,1235902058.8235295,577216000.0
2022-03-03,3147007000.0,1270443764.7058823,1236174470.5882354,581713600.0
2022-03-04,3152419000.0,1270634058.8235295,1236446882.3529413,586211200.0
2022-03-05,3156899000.0,1270824352.9411764,1236719294.1176472,590708800.0
2022-03-06,3160685000.0,1271014647.0588236,1236991705.8823528,595206400.0
2022-03-07,3165486000.0,1271204941.1764705,1237264117.6470587,599704000.0
2022-03-08,3169916000.0,1271395235.2941177,1237536529.4117646,604201600.0
2022-03-09,3174984000.0,1271585529.4117646,1237808941.1764705,608699200.0
2022-03-10,3180060000.0,1271775823.5294118,1238081352.9411764,613196800.0
2022-03-11,3185239000.0,1271966117.6470587,1238353764.7058823,617694400.0
2022-03-12,3189426000.0,1272156411.764706,1238626176.4705882,622192000.0
2022-03-13,3193236000.0,1272346705.8823528,1238898588.235294,626689600.0
2022-03-14,3198272000.0,1272537000.0,1239171000.0,631187200.0
2022-03-15,3203688000.0,1272848000.0,1239304000.0,635684800.0
2022-03-16,3209041000.0,1273159000.0,1239437000.0,640182400.0
2022-03-17,3213773000.0,1273470000.0,1239570000.0,644680000.0
2022-03-18,3218716000.0,1273811000.0,1239706000.0,649156000.0
2022-03-19,3222868000.0,1274118666.6666667,1239941666.6666667,652504000.0
2022-03-20,3226334000.0,1274426333.3333333,1240177333.3333333,655852000.0
2022-03-21,3230367000.0,1274734000.0,1240413000.0,659200000.0
2022-03-22,3234601000.0,1275003000.0,1240534333.3333333,663223333.3333334
2022-03-23,3239170000.0,1275272000.0,1240655666.6666667,667246666.6666666
2022-03-24,3243599000.0,1275541000.0,1240777000.0,671270000.0
2022-03-25,3247624000.0,1275850714.2857144,1240991857.142857,674650857.1428572
2022-03-26,3251412000.0,1276160428.5714285,1241206714.2857144,678031714.2857143
2022-03-27,3254984000.0,1276470142.857143,1241421571.4285715,681412571.4285715
2022-03-28,3259042000.0,1276779857.142857,1241636428.5714285,684793428.5714285
2022-03-29,3263129000.0,1277089571.4285715,1241851285.7142856,688174285.7142857
2022-03-30,3267140000.0,1277399285.7142856,1242066142.857143,691555142.8571428
2022-03-31,3270874000.0,1277709000.0,1242281000.0,694936000.0
2022-04-01,3274120000.0,1277912000.0,1242470000.0,697087400.0
2022-04-02,3276886000.0,1278115000.0,1242659000.0,699238800.0
2022-04-03,3279249000.0,1278318000.0,1242848000.0,701390200.0
2022-04-04,3281604000.0,1278521000.0,1243037000.0,703541600.0
2022-04-05,3283586000.0,1278724000.0,1243226000.0,705693000.0
2022-04-06,3286373000.0,1278962666.6666667,1243508833.3333333,707964833.3333334
2022-04-07,3289463000.0,1279201333.3333333,1243791666.6666667,710236666.6666666
2022-04-08,3292643000.0,1279440000.0,1244074500.0,712508500.0
2022-04-09,3295208000.0,1279678666.6666667,1244357333.3333333,714780333.3333334
2022-04-10,3297551000.0,1279917333.3333333,1244640166.6666667,717052166.6666666
2022-04-11,3300328000.0,1280156000.0,1244923000.0,719324000.0
2022-04-12,3303126000.0,1280436571.4285715,1245186714.2857144,721229000.0
2022-04-13,3305884000.0,1280717142.857143,1245450428.5714285,723134000.0
2022-04-14,3308616000.0,1280997714.2857144,1245714142.857143,725039000.0
2022-04-15,3311245000.0,1281278285.7142856,1245977857.142857,726944000.0
2022-04-16,3313338000.0,1281558857.142857,1246241571.4285715,728849000.0
2022-04-17,3315186000.0,1281839428.5714285,1246505285.7142856,730754000.0
2022-04-18,3317463000.0,1282120000.0,1246769000.0,732659000.0
2022-04-19,3319950000.0,1282400666.6666667,1247062777.7777777,734429777.7777778
2022-04-20,3322488000.0,1282681333.3333333,1247356555.5555556,736200555.5555556
2022-04-21,3325049000.0,1282962000.0,1247650333.3333333,737971333.3333334
2022-04-22,3327616000.0,1283242666.6666667,1247944111.1111112,739742111.1111112
2022-04-23,3329766000.0,1283523333.3333333,1248237888.8888888,741512888.8888888
2022-04-24,3331771000.0,1283804000.0,1248531666.6666667,743283666.6666666
2022-04-25,3334018000.0,1284084666.6666667,1248825444.4444444,745054444.4444444
2022-04-26,3336285000.0,1284365333.3333333,1249119222.2222223,746825222.2222222
2022-04-27,3338555000.0,1284646000.0,1249413000.0,748596000.0
2022-04-28,3340711000.0,1284935000.0,1249688000.0,750189000.0
2022-04-29,3343008000.0,1285094142.857143,1249881428.5714285,751122428.5714285
2022-04-30,3344528000.0,1285253285.7142856,1250074857.142857,752055857.1428572
2022-05-01,3345524000.0,1285412428.5714285,1250268285.7142856,752989285.7142857
2022-05-02,3346607000.0,1285571571.4285715,1250461714.2857144,753922714.2857143
2022-05-03,3347640000.0,1285730714.2857144,1250655142.857143,754856142.8571428
2022-05-04,3348588000.0,1285889857.142857,1250848571.4285715,755789571.4285715
2022-05-05,3349702000.0,1286049000.0,1251042000.0,756723000.0
2022-05-06,3350934000.0,1286212714.2857144,1251263428.5714285,757605000.0
2022-05-07,3352053000.0,1286376428.5714285,1251484857.142857,758487000.0
2022-05-08,3353022000.0,1286540142.857143,1251706285.7142856,759369000.0
2022-05-09,3354196000.0,1286703857.142857,1251927714.2857144,760251000.0
2022-05-10,3355535000.0,1286867571.4285715,1252149142.857143,761133000.0
2022-05-11,3357120000.0,1287031285.7142856,1252370571.4285715,762015000.0
2022-05-12,3358576000.0,1287195000.0,1252592000.0,762897000.0
2022-05-13,3360050000.0,1287370200.0,1252820300.0,763745300.0
2022-05-14,3361333000.0,1287545400.0,1253048600.0,764593600.0
2022-05-15,3362389000.0,1287720600.0,1253276900.0,765441900.0
2022-05-16,3363651000.0,1287895800.0,1253505200.0,766290200.0
2022-05-17,3364987000.0,1288071000.0,1253733500.0,767138500.0
2022-05-18,3366402000.0,1288246200.0,1253961800.0,767986800.0
2022-05-19,3367720000.0,1288421400.0,1254190100.0,768835100.0
2022-05-20,3369057000.0,1288596600.0,1254418400.0,769683400.0
2022-05-21,3370162000.0,1288771800.0,1254646700.0,770531700.0
2022-05-22,3371096000.0,1288947000.0,1254875000.0,771380000.0
2022-05-23,3372243000.0,1289106250.0,1255089250.0,772204750.0
2022-05-24,3373460000.0,1289265500.0,1255303500.0,773029500.0
2022-05-25,3374726000.0,1289424750.0,1255517750.0,773854250.0
2022-05-26,3375898000.0,1289584000.0,1255732000.0,774679000.0
2022-05-27,3377153000.0,1289746666.6666667,1255919500.0,775373000.0
2022-05-28,3378211000.0,1289909333.3333333,1256107000.0,776067000.0
2022-05-29,3379075000.0,1290072000.0,1256294500.0,776761000.0
2022-05-30,3380191000.0,1290234666.6666667,1256482000.0,777455000.0
2022-05-31,3381314000.0,1290397333.3333333,1256669500.0,778149000.0
2022-06-01,3382178000.0,1290560000.0,1256857000.0,778843000.0
2022-06-02,3382998000.0,1290652000.0,1256971000.0,779221000.0
2022-06-03,3383416000.0,1290744000.0,1257085000.0,779599000.0
2022-06-04,3383918000.0,1290836000.0,1257199000.0,779977000.0
2022-06-05,3384372000.0,1290960833.3333333,1257364416.6666667,780453583.3333334
2022-06-06,3385080000.0,1291085666.6666667,1257529833.3333333,780930166.6666666
2022-06-07,3385853000.0,1291210500.0,1257695250.0,781406750.0
2022-06-08,3386647000.0,1291335333.3333333,1257860666.6666667,781883333.3333334
2022-06-09,3387446000.0,1291460166.6666667,1258026083.3333333,782359916.6666666
2022-06-10,3388256000.0,1291585000.0,1258191500.0,782836500.0
2022-06-11,3388904000.0,1291709833.3333333,1258356916.6666667,783313083.3333334
2022-06-12,3389454000.0,1291834666.6666667,1258522333.3333333,783789666.6666666
2022-06-13,3390194000.0,1291959500.0,1258687750.0,784266250.0
2022-06-14,3391088000.0,1292084333.3333333,1258853166.6666667,784742833.3333334
2022-06-15,3391955000.0,1292209166.6666667,1259018583.3333333,785219416.6666666
2022-06-16,3393119000.0,1292334000.0,1259184000.0,785696000.0
2022-06-17,3393907000.0,1292493000.0,1259298714.2857144,786125285.7142857
2022-06-18,3394504000.0,1292652000.0,1259413428.5714285,786554571.4285715
2022-06-19,3395026000.0,1292811000.0,1259528142.857143,786983857.1428572
2022-06-20,3395704000.0,1292970000.0,1259642857.142857,787413142.8571428
2022-06-21,3396446000.0,1293129000.0,1259757571.4285715,787842428.5714285
2022-06-22,3397224000.0,1293288000.0,1259872285.7142856,788271714.2857143
2022-06-23,3397993000.0,1293447000.0,1259987000.0,788701000.0
2022-06-24,3398762000.0,1293596500.0,1260115500.0,789032000.0
2022-06-25,3399317000.0,1293746000.0,1260244000.0,789363000.0
2022-06-26,3399803000.0,1293895500.0,1260372500.0,789694000.0
2022-06-27,3400401000.0,1294045000.0,1260501000.0,790025000.0
2022-06-28,3401112000.0,1294203100.0,1260641700.0,790350400.0
2022-06-29,3401857000.0,1294361200.0,1260782400.0,790675800.0
2022-06-30,3402622000.0,1294519300.0,1260923100.0,791001200.0
2022-07-01,3403201000.0,1294677400.0,1261063800.0,791326600.0
2022-07-02,3403643000.0,1294835500.0,1261204500.0,791652000.0
2022-07-03,3403989000.0,1294993600.0,1261345200.0,791977400.0
2022-07-04,3404537000.0,1295151700.0,1261485900.0,792302800.0
2022-07-05,3405158000.0,1295309800.0,1261626600.0,792628200.0
2022-07-06,3405812000.0,1295467900.0,1261767300.0,792953600.0
2022-07-07,3406557000.0,1295626000.0,1261908000.0,793279000.0
2022-07-08,3407361000.0,1295821000.0,1262098538.4615386,793591846.1538461
2022-07-09,3407945000.0,1296016000.0,1262289076.9230769,793904692.3076923
2022-07-10,3408404000.0,1296211000.0,1262479615.3846154,794217538.4615384
2022-07-11,3409032000.0,1296406000.0,1262670153.8461537,794530384.6153846
2022-07-12,3409697000.0,1296601000.0,1262860692.3076923,794843230.7692307
2022-07-13,3410413000.0,1296796000.0,1263051230.7692308,795156076.9230769
2022-07-14,3411136000.0,1296991000.0,1263241769.2307692,795468923.0769231
2022-07-15,3411903000.0,1297186000.0,1263432307.6923077,795781769.2307693
2022-07-16,3412457000.0,1297381000.0,1263622846.1538463,796094615.3846154
2022-07-17,3412950000.0,1297576000.0,1263813384.6153846,796407461.5384616
2022-07-18,3413628000.0,1297771000.0,1264003923.0769231,796720307.6923077
2022-07-19,3414388000.0,1297966000.0,1264194461.5384614,797033153.8461539
2022-07-20,3415146000.0,1298161000.0,1264385000.0,797346000.0
2022-07-21,3415934000.0,1298398500.0,1264643000.0,797665500.0
2022-07-22,3416727000.0,1298636000.0,1264901000.0,797985000.0
2022-07-23,3417357000.0,1298789111.1111112,1265089000.0,798217722.2222222
2022-07-24,3417900000.0,1298942222.2222223,1265277000.0,798450444.4444444
2022-07-25,3418638000.0,1299095333.3333333,1265465000.0,798683166.6666666
2022-07-26,3419441000.0,1299248444.4444444,1265653000.0,798915888.8888888
2022-07-27,3420260000.0,1299401555.5555556,1265841000.0,799148611.1111112
2022-07-28,3421121000.0,1299554666.6666667,1266029000.0,799381333.3333334
2022-07-29,3422060000.0,1299707777.7777777,1266217000.0,799614055.5555556
2022-07-30,3422910000.0,1299860888.8888888,1266405000.0,799846777.7777778
2022-07-31,3423669000.0,1300014000.0,1266593000.0,800079500.0
2022-08-01,3424070000.0,1300167111.1111112,1266781000.0,800312222.2222222
2022-08-02,3424465000.0,1300320222.2222223,1266969000.0,800544944.4444444
2022-08-03,3424838000.0,1300473333.3333333,1267157000.0,800777666.6666666
2022-08-04,3425218000.0,1300626444.4444444,1267345000.0,801010388.8888888
2022-08-05,3425593000.0,1300779555.5555556,1267533000.0,801243111.1111112
2022-08-06,3425843000.0,1300932666.6666667,1267721000.0,801475833.3333334
2022-08-07,3426023000.0,1301085777.7777777,1267909000.0,801708555.5555556
2022-08-08,3426316000.0,1301238888.8888888,1268097000.0,801941277.7777778
2022-08-09,3426619000.0,1301392000.0,1268285000.0,802174000.0
2022-08-10,3426938000.0,1301439620.689655,1268366758.6206896,802295758.6206896
2022-08-11,3427246000.0,1301487241.3793104,1268448517.2413793,802417517.2413793
2022-08-12,3427564000.0,1301534862.0689654,1268530275.862069,802539275.862069
2022-08-13,3427788000.0,1301582482.7586207,1268612034.4827585,802661034.4827586
2022-08-14,3427965000.0,1301630103.4482758,1268693793.1034484,802782793.1034483
2022-08-15,3428258000.0,1301677724.137931,1268775551.724138,802904551.7241379
2022-08-16,3428587000.0,1301725344.8275862,1268857310.3448277,803026310.3448275
2022-08-17,3428933000.0,1301772965.5172415,1268939068.9655173,803148068.9655173
2022-08-18,3429254000.0,1301820586.2068965,1269020827.586207,803269827.5862069
2022-08-19,3429579000.0,1301868206.8965516,1269102586.2068965,803391586.2068965
2022-08-20,3429804000.0,1301915827.586207,1269184344.8275862,803513344.8275862
2022-08-21,3429988000.0,1301963448.275862,1269266103.4482758,803635103.4482758
2022-08-22,3430297000.0,1302011068.9655173,1269347862.0689654,803756862.0689656
2022-08-23,3430624000.0,1302058689.6551723,1269429620.689655,803878620.6896552
2022-08-24,3430949000.0,1302106310.3448277,1269511379.310345,804000379.3103448
2022-08-25,3431247000.0,1302153931.0344827,1269593137.9310346,804122137.9310344
2022-08-26,3431560000.0,1302201551.724138,1269674896.5517242,804243896.5517242
2022-08-27,3431791000.0,1302249172.413793,1269756655.1724138,804365655.1724138
2022-08-28,3431965000.0,1302296793.1034484,1269838413.7931035,804487413.7931035
2022-08-29,3432235000.0,1302344413.7931035,1269920172.413793,804609172.4137931
2022-08-30,3432506000.0,1302392034.4827585,1270001931.0344827,804730931.0344827
2022-08-31,3432778000.0,1302439655.1724138,1270083689.6551723,804852689.6551725
2022-09-01,3432984000.0,1302487275.862069,1270165448.275862,804974448.2758621
2022-09-02,3433182000.0,1302534896.5517242,1270247206.8965516,805096206.8965517
2022-09-03,3433328000.0,1302582517.2413793,1270328965.5172415,805217965.5172414
2022-09-04,3433450000.0,1302630137.9310346,1270410724.137931,805339724.137931
2022-09-05,3433615000.0,1302677758.6206896,1270492482.7586207,805461482.7586207
2022-09-06,3433788000.0,1302725379.310345,1270574241.3793104,805583241.3793104
2022-09-07,3433960000.0,1302773000.0,1270656000.0,805705000.0
2022-09-08,3434119000.0,1302791258.6206896,1270691809.5238094,805772857.1428572
2022-09-09,3434270000.0,1302809517.2413793,1270727619.047619,805840714.2857143
2022-09-10,3434317000.0,1302827775.862069,1270763428.5714285,805908571.4285715
2022-09-11,3434390000.0,1302846034.4827585,1270799238.0952382,805976428.5714285
2022-09-12,3434487000.0,1302864293.1034484,1270835047.6190476,806044285.7142857
2022-09-13,3434621000.0,1302882551.724138,1270870857.142857,806112142.8571428
2022-09-14,3434774000.0,1302900810.3448277,1270906666.6666667,806180000.0
2022-09-15,3434906000.0,1302919068.9655173,1270942476.1904762,806247857.1428572
2022-09-16,3435066000.0,1302937327.586207,1270978285.7142856,806315714.2857143
2022-09-17,3435207000.0,1302955586.2068965,1271014095.2380953,806383571.4285715
2022-09-18,3435302000.0,1302973844.8275862,1271049904.7619047,806451428.5714285
2022-09-19,3435442000.0,1302992103.4482758,1271085714.2857144,806519285.7142857
2022-09-20,3435577000.0,1303010362.0689654,1271121523.8095238,806587142.8571428
2022-09-21,3435719000.0,1303028620.689655,1271157333.3333333,806655000.0
2022-09-22,3435855000.0,1303046879.310345,1271193142.857143,806722857.1428572
2022-09-23,3436001000.0,1303065137.9310346,1271228952.3809524,806790714.2857143
2022-09-24,3436132000.0,1303083396.5517242,1271264761.9047618,806858571.4285715
2022-09-25,3436227000.0,1303101655.1724138,1271300571.4285715,806926428.5714285
2022-09-26,3436355000.0,1303119913.7931035,1271336380.952381,806994285.7142857
2022-09-27,3436494000.0,1303138172.413793,1271372190.4761906,807062142.8571428
2022-09-28,3436630000.0,1303156431.0344827,1271408000.0,807130000.0
2022-09-29,3436773000.0,1303174689.6551723,1271429642.857143,807180142.8571428
2022-09-30,3436911000.0,1303192948.275862,1271451285.7142856,807230285.7142857
2022-10-01,3436966000.0,1303211206.8965516,1271472928.5714285,807280428.5714285
2022-10-02,3437018000.0,1303229465.5172415,1271494571.4285715,807330571.4285715
2022-10-03,3437085000.0,1303247724.137931,1271516214.2857144,807380714.2857143
2022-10-04,3437161000.0,1303265982.7586207,1271537857.142857,807430857.1428572
2022-10-05,3437218000.0,1303284241.3793104,1271559500.0,807481000.0
2022-10-06,3437286000.0,1303302500.0,1271581142.857143,807531142.8571428
2022-10-07,3437347000.0,1303320758.6206896,1271602785.7142856,807581285.7142857
2022-10-08,3437442000.0,1303339017.2413793,1271624428.5714285,807631428.5714285
2022-10-09,3437516000.0,1303357275.862069,1271646071.4285715,807681571.4285715
2022-10-10,3437619000.0,1303375534.4827585,1271667714.2857144,807731714.2857143
2022-10-11,3437728000.0,1303393793.1034484,1271689357.142857,807781857.1428572
2022-10-12,3437851000.0,1303412051.724138,1271711000.0,807832000.0
2022-10-13,3437961000.0,1303430310.3448277,1271733434.7826087,807895782.6086956
2022-10-14,3438086000.0,1303448568.9655173,1271755869.5652175,807959565.2173913
2022-10-15,3438202000.0,1303466827.586207,1271778304.347826,808023347.826087
2022-10-16,3438277000.0,1303485086.2068965,1271800739.1304348,808087130.4347826
2022-10-17,3438378000.0,1303503344.8275862,1271823173.9130435,808150913.0434783
2022-10-18,3438482000.0,1303521603.4482758,1271845608.6956522,808214695.6521739
2022-10-19,3438588000.0,1303539862.0689654,1271868043.4782608,808278478.2608696
2022-10-20,3438697000.0,1303558120.689655,1271890478.2608695,808342260.8695652
2022-10-21,3438817000.0,1303576379.310345,1271912913.0434783,808406043.4782609
2022-10-22,3438920000.0,1303594637.9310346,1271935347.826087,808469826.0869565
2022-10-23,3438993000.0,1303612896.5517242,1271957782.6086957,808533608.6956521
2022-10-24,3439087000.0,1303631155.1724138,1271980217.3913043,808597391.3043479
2022-10-25,3439201000.0,1303649413.7931035,1272002652.173913,808661173.9130435
2022-10-26,3439299000.0,1303667672.413793,1272025086.9565217,808724956.5217391
2022-10-27,3439408000.0,1303685931.0344827,1272047521.7391305,808788739.1304348
2022-10-28,3439525000.0,1303704189.6551723,1272069956.5217392,808852521.7391304
2022-10-29,3439620000.0,1303722448.275862,1272092391.3043478,808916304.3478261
2022-10-30,3439698000.0,1303740706.8965516,1272114826.0869565,808980086.9565217
2022-10-31,3439802000.0,1303758965.5172415,1272137260.8695652,809043869.5652174
2022-11-01,3439907000.0,1303777224.137931,1272159695.652174,809107652.173913
2022-11-02,3440016000.0,1303795482.7586207,1272182130.4347825,809171434.7826087
2022-11-03,3440119000.0,1303813741.3793104,1272204565.2173913,809235217.3913044
2022-11-04,3440231000.0,1303832000.0,1272227000.0,809299000.0
2022-11-05,3440346000.0,1303865291.6666667,1272252125.0,809377208.3333334
2022-11-06,3440421000.0,1303898583.3333333,1272277250.0,809455416.6666666
2022-11-07,3440524000.0,1303931875.0,1272302375.0,809533625.0
2022-11-08,3440638000.0,1303965166.6666667,1272327500.0,809611833.3333334
2022-11-09,3440760000.0,1303998458.3333333,1272352625.0,809690041.6666666
2022-11-10,3440879000.0,1304031750.0,1272377750.0,809768250.0
2022-11-11,3441007000.0,1304065041.6666667,1272402875.0,809846458.3333334
2022-11-12,3441126000.0,1304098333.3333333,1272428000.0,809924666.6666666
2022-11-13,3441205000.0,1304131625.0,1272453125.0,810002875.0
2022-11-14,3441334000.0,1304164916.6666667,1272478250.0,810081083.3333334
2022-11-15,3441497000.0,1304198208.3333333,1272503375.0,810159291.6666666
2022-11-16,3441680000.0,1304231500.0,1272528500.0,810237500.0
2022-11-17,3441859000.0,1304264791.6666667,1272553625.0,810315708.3333334
2022-11-18,3442080000.0,1304298083.3333333,1272578750.0,810393916.6666666
2022-11-19,3442253000.0,1304331375.0,1272603875.0,810472125.0
2022-11-20,3442376000.0,1304364666.6666667,1272629000.0,810550333.3333334
2022-11-21,3442539000.0,1304397958.3333333,1272654125.0,810628541.6666666
2022-11-22,3442683000.0,1304431250.0,1272679250.0,810706750.0
2022-11-23,3442840000.0,1304464541.6666667,1272704375.0,810784958.3333334
2022-11-24,3442976000.0,1304497833.3333333,1272729500.0,810863166.6666666
2022-11-25,3443114000.0,1304531125.0,1272754625.0,810941375.0
2022-11-26,3443240000.0,1304564416.6666667,1272779750.0,811019583.3333334
2022-11-27,3443327000.0,1304597708.3333333,1272804875.0,811097791.6666666
2022-11-28,3443451000.0,1304631000.0,1272830000.0,811176000.0
2022-11-29,3443554000.0,1304803733.3333333,1272909200.0,811478800.0
2022-11-30,3443749000.0,1304976466.6666667,1272988400.0,811781600.0
2022-12-01,3443887000.0,1305149200.0,1273067600.0,812084400.0
2022-12-02,3444010000.0,1305321933.3333333,1273146800.0,812387200.0
2022-12-03,3444166000.0,1305494666.6666667,1273226000.0,812690000.0
2022-12-04,3444295000.0,1305667400.0,1273305200.0,812992800.0
2022-12-05,3444548000.0,1305840133.3333333,1273384400.0,813295600.0
2022-12-06,3444906000.0,1306012866.6666667,1273463600.0,813598400.0
2022-12-07,3445402000.0,1306185600.0,1273542800.0,813901200.0
2022-12-08,3446141000.0,1306358333.3333333,1273622000.0,814204000.0
2022-12-09,3447152000.0,1306531066.6666667,1273701200.0,814506800.0
2022-12-10,3448175000.0,1306703800.0,1273780400.0,814809600.0
2022-12-11,3448992000.0,1306876533.3333333,1273859600.0,815112400.0
2022-12-12,3450244000.0,1307049266.6666667,1273938800.0,815415200.0
2022-12-13,3451677000.0,1307222000.0,1274018000.0,815718000.0
2022-12-14,3453156000.0,1307317800.0,1274094133.3333333,816055900.0
2022-12-15,3454559000.0,1307413600.0,1274170266.6666667,816393800.0
2022-12-16,3455859000.0,1307509400.0,1274246400.0,816731700.0
2022-12-17,3456803000.0,1307605200.0,1274322533.3333333,817069600.0
2022-12-18,3457491000.0,1307701000.0,1274398666.6666667,817407500.0
2022-12-19,3458412000.0,1307796800.0,1274474800.0,817745400.0
2022-12-20,3461498000.0,1307892600.0,1274550933.3333333,818083300.0
2022-12-21,3465123000.0,1307988400.0,1274627066.6666667,818421200.0
2022-12-22,3467395000.0,1308084200.0,1274703200.0,818759100.0
2022-12-23,3469670000.0,1308180000.0,1274779333.3333333,819097000.0
2022-12-24,3470946000.0,1308275800.0,1274855466.6666667,819434900.0
2022-12-25,3471819000.0,1308371600.0,1274931600.0,819772800.0
2022-12-26,3473153000.0,1308467400.0,1275007733.3333333,820110700.0
2022-12-27,3474309000.0,1308563200.0,1275083866.6666667,820448600.0
2022-12-28,3475387000.0,1308659000.0,1275160000.0,820786500.0
2022-12-29,3476443000.0,1308754800.0,1275236133.3333333,821124400.0
2022-12-30,3477453000.0,1308850600.0,1275312266.6666667,821462300.0
2022-12-31,3478094000.0,1308946400.0,1275388400.0,821800200.0
2023-01-01,3478488000.0,1309042200.0,1275464533.3333333,822138100.0
2023-01-02,3478946000.0,1309138000.0,1275540666.6666667,822476000.0
2023-01-03,3479607000.0,1309233800.0,1275616800.0,822813900.0
2023-01-04,3480354000.0,1309329600.0,1275692933.3333333,823151800.0
2023-01-05,3481101000.0,1309425400.0,1275769066.6666667,823489700.0
2023-01-06,3482306000.0,1309521200.0,1275845200.0,823827600.0
2023-01-07,3482965000.0,1309617000.0,1275921333.3333333,824165500.0
2023-01-08,3483438000.0,1309712800.0,1275997466.6666667,824503400.0
2023-01-09,3484655000.0,1309808600.0,1276073600.0,824841300.0
2023-01-10,3485409000.0,1309904400.0,1276149733.3333333,825179200.0
2023-01-11,3486069000.0,1310000200.0,1276225866.6666667,825517100.0
2023-01-12,3487638000.0,1310096000.0,1276302000.0,825855000.0
2023-01-13,3488058000.0,1310109285.7142856,1276332714.2857144,825951571.4285715
2023-01-14,3488300666.6666665,1310122571.4285715,1276363428.5714285,826048142.8571428
2023-01-15,3488543333.3333335,1310135857.142857,1276394142.857143,826144714.2857143
2023-01-16,3488786000.0,1310149142.857143,1276424857.142857,826241285.7142857
2023-01-17,3489028666.6666665,1310162428.5714285,1276455571.4285715,826337857.1428572
2023-01-18,3489271333.3333335,1310175714.2857144,1276486285.7142856,826434428.5714285
2023-01-19,3489514000.0,1310189000.0,1276517000.0,826531000.0
